<?xml version="1.0" encoding="utf-8"?>
<?xml-stylesheet href="resume.xsl" type="text/xsl"?>
<!-- Resume structured with XML -->
<resume>
	<header>
		<name>Jessica Huynh</name>
		<address>
			<addr1>10, 8115 144 Ave NW</addr1>
			<city>Edmonton</city>
			<province>Alberta</province>
			<country>Canada</country>
			<postalcode>T5C 2S4</postalcode>
		</address>
		<contact>
			<phone>5877780796</phone>
			<email>jhuynh@ualberta.ca</email>
		</contact>
	</header>

	<body>
		<section>
			<title>Academic Education</title>
			<institution>University of Alberta</institution>
			<program>Computer Co-op Engineering</program>
			<degree>BSc</degree>
			<gradyear>2018</gradyear>
		</section>
		<section>
			<title>Computer Experience</title>
			<bullet>Programming Languages: C#, C++, Java, C, Python, and SQL</bullet>
			<bullet>Actively learning: HTML5 and CSS3</bullet>
			<bullet>IDEs: Visual Studios, Android Studio, and Eclipse</bullet>
			<bullet>Control Systems: Perforce, Team Foundation Server, GitHub</bullet>
			<bullet>SQL: SQL Server, SQLite3, Toad for SQL, FlameRobin</bullet>
			<bullet>Unit Testing: JUnit, CppUnitTestFramework</bullet>
			<bullet>Able to use Macintosh, PC, and Linux operating systems</bullet>
			<bullet>Proficient in Adobe Photoschop CS5 and CS6</bullet>
			<bullet>Capable of using MatLab, Oracle VirtualBoc, Xilinx ISE Design Suite, and Cadence Desgin Systems</bullet>
		</section>

		<section>
			<title>Work Experience</title>
			<employer>
				<company>Kardium Inc.</company>
				<addr>Burnaby, BC</addr>
				<role>QA Internal Tools Developer Intern</role>
				<timeframe>May 2017 - Current</timeframe>
				<responsibilities>
					<bullet>Developed multiple internal tools in C# for automation of various supply chain processes</bullet>
					<bullet>Managed Microsoft SQL Server and Firebird databases</bullet>
					<bullet>Provided in person troubleshooting and investigation for immediate issues</bullet>
					<bullet>Use of Perforce for maintaining a revision control system</bullet> 
					<bullet>Record progress of individual work on FogBugz</bullet>
				</responsibilities>
			</employer>
			<employer>
				<company>SUBNET Solutions Inc.</company>
				<addr>Edmonton, AB</addr>
				<role>User Interface Software Intern</role>
				<timeframe>January 2016 - August 2016</timeframe>
				<responsibilities>
					<bullet>Wrote in C++ to develop/refactor GUI elements of an existing Substation configurator and data collection program tool</bullet>
					<bullet>Practice in Test Driven Development: unit tests, mock objects, etc</bullet>
					<bullet>Formal presentations of completed work to internal company members</bullet>
					<bullet>Use of Lync Skype to collaborate with co-workers out of the Edmonton office</bullet>
					<bullet>Organization skills with Team Foundation Server to keep track of tasks for a sprint as well as daily, bi-weekly, and monthly Scrum meetings</bullet>
				</responsibilities>
			</employer>
			<employer>
				<company>Alberta Computers for Schools</company>
				<addr>Edmonton, AB</addr>
				<role>Computer Repair Technician</role>
				<timeframe>May 2015 - August 2015</timeframe>
				<responsibilities>
					<bullet>Wiped, formatted, and tested hard drives/ solid state drives</bullet>
					<bullet>Configured basic input/ output systems (BIOS)</bullet>
					<bullet>Prepared various CPUs and laptops, which include installing RAM, CMOS, etc.</bullet>
					<bullet>Troubleshoot hardware and software issues and dismantled computer parts to be salvage and recycle</bullet>
					<bullet>Lead team and participated under various team leaders to complete orders</bullet>
				</responsibilities>
			</employer>
		</section>
		<section>
			<title>Additional Information</title>
			<subSection>
				<title>Programming Achievements</title>
				<project>
					<name>Further Developed Existing Tools from Beta to Release</name>
					<company>Kardium Inc.</company>
					<datetime>Summer 2017</datetime>
					<acknowledgements>Kevin Riebs, Tudor Costin</acknowledgements>
					<note>Individually developed various tools that underwent formal testing and release</note>
					<duration>4 months</duration>
				</project>
				<project>
					<name>Creation of Transportation Andriod Application</name>
					<company>University of Alberta</company>
					<datetime>Fall 2016</datetime>
					<acknowledgements>Dr. Abram Hindle</acknowledgements>
					<note>Worked in a team of 5 to design and release a fully MVC application</note>
					<duration>3 months</duration>
				</project>
				<project>
					<name>Creation of Task Tracker Andriod Application</name>
					<company>University of Alberta</company>
					<datetime>Fall 2016</datetime>
					<acknowledgements>Dr. Abram Hindle</acknowledgements>
					<note>Individually produced an app to help organized tasks and view past history</note>
					<duration>1 month</duration>
				</project>
			</subSection>
			<subSection>
				<title>Hobbies</title>
				<bullet>Designing album art and digital designs using Photoshop</bullet>
				<bullet>Creating paintings, sketches, and multimedia art pieces</bullet>
			</subSection>
			<subSection>
				<title>Other</title>
				<bullet>Class 5 GDL with clean abstract</bullet>
				<bullet>Fluent in English and able to converse in Vietnamese</bullet>
				<bullet>Alberta Construction Engineering Safety Course Certificate, 2013</bullet>
			</subSection>
		</section>
	</body>
</resume>