<?xml version="1.0" encoding="UTF-8"?>

<quiz>
	<title>Unit 3 Quiz</title>
	<question>
		<questionText>What does XML stand for?</questionText>
		<answer>c</answer>
		<a>External Markup Language</a>
		<b>External Management Lanuage</b>
		<c>Extensible Markup Language</c>
		<d>Extensible Management Language</d>
	</question>
	<question>
		<questionText>What types of elements can I use in an XML file?</questionText>
		<answer>d</answer>
		<a>The same as those in HTML5</a>
		<b>There is an online database of XML elements to use</b>
		<c>XML documents do not use elements</c>
		<d>Any elements can be used since they are user defined</d>
	</question>
	<question>
		<questionText>What is the most common way to validate XML documents?</questionText>
		<answer>a</answer>
		<a>XSD</a>
		<b>XSL</b>
		<c>DTD</c>
		<d>DTL</d>
	</question>
	<question>
		<questionText>How does one stylish an XML document?</questionText>
		<answer>b</answer>
		<a>Inline the XML sheet</a>
		<b>With a XSL document</b>
		<c>With a CSS document</c>
		<d>With a HTML5 document</d>
	</question>
	<question>
		<questionText>What does AJAX stand for?</questionText>
		<answer>b</answer>
		<a>Abstract Javascript and XML</a>
		<b>Asynchronous Javascript and XML</b>
		<c>Adaptable Javascript and XML</c>
		<d>Agile Javascript and XML</d>
	</question>
	<question>
		<questionText>What is a favourable aspect of using Ajax?</questionText>
		<answer>d</answer>
		<a>Ajax stylizes your web page with XML and Javascript</a>
		<b>Ajax reloads your webpage quicker than without it</b>
		<c>Ajax is not yet prefered or widely accepted</c>
		<d>Ajax does not relaod a web page after a request</d>
	</question>
	<question>
		<questionText>What status code represents a successful request?</questionText>
		<answer>c</answer>
		<a>0</a>
		<b>100</b>
		<c>200</c>
		<d>500</d>
	</question>
</quiz>
