<?xml version="1.0" encoding="UTF-8"?>

<quiz>
	<title>Unit 1 Quiz</title>
	<question>
		<questionText>What does HTML5 stand for?</questionText>
		<answer>b</answer>
		<a>HTTP Text Markup Language</a>
		<b>Hypertext Markup Language</b>
		<c>HTTP Text Markup Lookup</c>
		<d>Hypertext Markup Lookup</d>
	</question>
	<question>
		<questionText>What is true about the Web Server</questionText>
		<answer>d</answer>
		<a>It sends requests to retrieve information files</a>
		<b>It is a physical room of people who receive data and finds it</b>
		<c>It is not a part of web systems</c>
		<d>It receives requests for information and data</d>
	</question>
	<question>
		<questionText>What are the three tiers in order from bottom tier to top tier in a Web System?</questionText>
		<answer>d</answer>
		<a>Database, GUI Layer, Business layer</a>
		<b>GUI layer, Businesss Layer, Database</b>
		<c>Business Layer, Database, GUI Layer</c>
		<d>None of the above</d>
	</question>
	<question>
		<questionText>CSS stands for?</questionText>
		<answer>c</answer>
		<a>Cascading Sheet System</a>
		<b>Common Sheet Style</b>
		<c>Cascading Style Sheet</c>
		<d>Creative Styling Size</d>
	</question>
	<question>
		<questionText>What does the head element used for?</questionText>
		<answer>b</answer>
		<a>The content of the web page (ie. images, text, headings)</a>
		<b>The title, encoding, and css linking</b>
		<c>All headings of the document go here</c>
		<d>Specifies what elements have been used in the document</d>
	</question>
	<question>
		<questionText>Are URIs the same as URLs? Why?</questionText>
		<answer>c</answer>
		<a>No, they are synonyms of each other</a>
		<b>Yes, URIs are a special type of URL</b>
		<c>Yes, URLs are a special type of URI</c>
		<d>Yes, URIs are integer based and URLs are long int based</d>
	</question>
	<question>
		<questionText>How can you stylize your HTML5 files?</questionText>
		<answer>d</answer>
		<a>From within the HTML5 file</a>
		<b>In a CSS file</b>
		<c>None of the above</c>
		<d>All of the above</d>
	</question>
</quiz>
