<?xml version="1.0" encoding="UTF-8"?>

<quiz>
	<title>Unit 2 Quiz</title>
	<question>
		<questionText>Is Javascript the same as Java?</questionText>
		<answer>b</answer>
		<a>No, one is a compueter language and another is a coffee type</a>
		<b>No, one is a web scripting language and the other is object orientated</b>
		<c>Yes, Javascript is special type of Java</c>
		<d>Yes, Java is a special type of Javascript</d>
	</question>
	<question>
		<questionText>What does DOM stand for?</questionText>
		<answer>a</answer>
		<a>Document Object Model</a>
		<b>Data Objective Model</b>
		<c>Document Ordered Model</c>
		<d>Data Object Manager</d>
	</question>
	<question>
		<questionText>What are the purpose of semi colons?</questionText>
		<answer>b</answer>
		<a>They are ignored so you can put them anywhere</a>
		<b>They are not required but terminate a line</b>
		<c>They are absolutely required to terminate a line</c>
		<d>They are special characters and should not be used</d>
	</question>
	<question>
		<questionText>What is the result of "y + 5 = " + y + 5, when y = 1?</questionText>
		<answer>d</answer>
		<a>"y + 5 = 6"</a>
		<b>"y + 5 = y + 5"</b>
		<c>"y + 5 = y5"</c>
		<d>"y + 5 = 15"</d>
	</question>
	<question>
		<questionText>How do you get the result "x + 10 = 30", when x = 20?</questionText>
		<answer>c</answer>
		<a>("x + 10 = ") + x + 10</a>
		<b>"x + 10 = " + (x) + 10</b>
		<c>"x + 10 = " + (x + 10)</c>
		<d>("x + 10") + (x) + (10)</d>
	</question>
	<question>
		<questionText>How can you trigger an event?</questionText>
		<answer>a</answer>
		<a>With JQuery, $("#test").onclick = function() {}</a>
		<b>With global javascript (ie. OnClick.Button() {});</b>
		<c>With inline HTML5. Where special elements have the tag as the event trigger (ie. &lt;onclick&gt;)</c>
		<d>All of the above</d>
	</question>
	<question>
		<questionText>Where is (0, 0) on the HTML5 Canvas element</questionText>
		<answer>d</answer>
		<a>Top Right Corner</a>
		<b>Center of the element</b>
		<c>Bottom Left</c>
		<d>Top Left</d>
	</question>
</quiz>
